hmida98,hmida98/hmida98,False,Config files for my GitHub profile.
hmushtaq9995,hmushtaq9995/hmushtaq9995,False,Config files for my GitHub profile.
Hm97447,Hm97447/Hm97447,False,Config files for my GitHub profile.
hms992,hms992/hms992,False,Config files for my GitHub profile.
HMP9520,HMP9520/HMP9520,False,Config files for my GitHub profile.
hm9,AlexandraJuly/hm9,False,
hmhaider93,hmhaider93/hmhaider93,False,Config files for my GitHub profile.
hm9,Hi82006/hm9,False,https://hi82006.github.io/hm9/
hm9831,hm9831/hm9831,False,
hmmm92,zhangjingyu1024/hmmm92,False,项目初次上传
hm99,Redwoods/hm99,False,
hm9,theksenia/hm9,False,
hm907,hm907/hm907,False,Config files for my GitHub profile.
hmandadi9,hmandadi9/hmandadi9,False,Config files for my GitHub profile.
hmpq9,hmpq9/hmpq9,False,Config files for my GitHub profile.
hmslab90,hmslab306/hmslab90,False,
hm9,horhardy/hm9,False,
hmzhang96,hmzhang96/hmzhang96,False,
hmwk9,Sialyu/hmwk9,False,
hm9,gefeiixu/hm9,False,
HMRI99,thvanbon/HMRI99,False,
hm9,vinegarjack/hm9,False,
HM9,Velpoverkkk/HM9,False,
hmwrk9,hilekat/hmwrk9,False,good readme
HM9,Archi-dev/HM9,False,
HM9,kosterqq/HM9,False,
hmiranda99,hmiranda99/hmiranda99,False,
HM9,PrutskovDmitriy/HM9,False,
HM9,wizard99066/HM9,False,
HMEN99,HMEN99/HMEN99,False,Config files for my GitHub profile.
HM970506,HM970506/HM970506,False,
hm9,troyaha/hm9,False,
Hmmodi98,Hmmodi98/Hmmodi98,False,Config files for my GitHub profile.
Hmhami91,Hmhami91/Hmhami91,False,Config files for my GitHub profile.
Hmuttaqin97,Hmuttaqin97/Hmuttaqin97,False,Config files for my GitHub profile.
hm9,thepro545/hm9,False,
HM9,Shaban27/HM9,False,
hm9,ElenaCosmi/hm9,False,
hmw9,dashylaa/hmw9,False,
HM9,NickMattmiller/HM9,False,HM9code
hm91,jinxingdhb/hm91,False,hm91zuibang zui 牛
hmjr99,hmjr99Member/hmjr99,False,hmjr99
hmedos96,hmedos/hmedos96,False,
HM9,DexiGG/HM9,False,HM9
hmtsk9,ReckfuI/hmtsk9,False,
hmnts999,hmnts999/hmnts999,False,Config files for my GitHub profile.
hmza98,hmza98/hmza98,False,Config files for my GitHub profile.
hmateo98,hmateo98/hmateo98,False,Config files for my GitHub profile.
hman987,hman987/hman987,False,Config files for my GitHub profile.
hmaiga997,hmaiga997/hmaiga997,False,Config files for my GitHub profile.
hm9,trulyVolodymyr/hm9,False,
hm94,ccyforteach/hm94,False,开源中国综合的demo
Hmyr902,Hmyr902/Hmyr902,False,
hmoodey9922,hmoodey9922/hmoodey9922,False,Config files for my GitHub profile.
hmahaddev93,hmahaddev93/hmahaddev93,False,Config files for my GitHub profile.
hm9,Zhuzum/hm9,False,hm9
Hmhm9,Hmhm9/Hmhm9,False,Config files for my GitHub profile.
HMakho98,HMakho98/HMakho98,False,Config files for my GitHub profile.
hmam91,hmam91/hmam91,False,Config files for my GitHub profile.
hm9,O-harmash/hm9,False,
